{"cameraMode":{"drawMode":0,"name":"Shaded","section":"Shading Mode"},"sceneLighting":true,"audioPlay":false,"sceneViewState":{"showFog":true,"showMaterialUpdate":false,"showSkybox":true,"showFlares":true,"showImageEffects":true,"showParticleSystems":true,"showVisualEffectGraphs":true,"m_FxEnabled":true},"in2DMode":false,"pivot":{"x":-0.12675732374191285,"y":19.24656105041504,"z":-2.017300605773926},"rotation":{"x":0.046483900398015979,"y":-0.0014993002405390144,"z":0.00007318592543015257,"w":0.9989286661148071},"size":6.93299674987793,"orthographic":false}