{"cameraMode":{"drawMode":0,"name":"Shaded","section":"Shading Mode"},"sceneLighting":true,"audioPlay":false,"sceneViewState":{"showFog":true,"showMaterialUpdate":false,"showSkybox":true,"showFlares":true,"showImageEffects":true,"showParticleSystems":true,"showVisualEffectGraphs":true,"m_FxEnabled":true},"in2DMode":false,"pivot":{"x":1040.0028076171875,"y":615.8429565429688,"z":-489.1932067871094},"rotation":{"x":-0.02099841646850109,"y":-0.0015015006065368653,"z":-0.000025128238121396862,"w":0.9997979998588562},"size":102.30502319335938,"orthographic":false}